{"cameraMode":{"drawMode":0,"name":"Shaded","section":"Shading Mode"},"sceneLighting":true,"audioPlay":false,"sceneViewState":{"showFog":true,"showMaterialUpdate":true,"showSkybox":true,"showFlares":true,"showImageEffects":true,"showParticleSystems":true},"in2DMode":false,"pivot":{"x":7.98320198059082,"y":3.0742669105529787,"z":12.515629768371582},"rotation":{"x":-0.16698592901229859,"y":0.05261428654193878,"z":-0.008919521234929562,"w":-0.9845141172409058},"size":23.879140853881837,"orthographic":false}