{"cameraMode":{"drawMode":0,"name":"Shaded","section":"Shading Mode"},"sceneLighting":true,"audioPlay":false,"sceneViewState":{"showFog":true,"showMaterialUpdate":true,"showSkybox":true,"showFlares":true,"showImageEffects":true,"showParticleSystems":true},"in2DMode":false,"pivot":{"x":0.5847697854042053,"y":-16.962968826293947,"z":-29.10405921936035},"rotation":{"x":0.00008817306661512703,"y":-0.9637666940689087,"z":0.2667466402053833,"w":0.0003001180593855679},"size":39.804264068603519,"orthographic":false}