{"cameraMode":{"drawMode":0,"name":"Shaded","section":"Shading Mode"},"sceneLighting":true,"audioPlay":false,"sceneViewState":{"showFog":true,"showMaterialUpdate":true,"showSkybox":true,"showFlares":true,"showImageEffects":true,"showParticleSystems":true},"in2DMode":false,"pivot":{"x":3.3325395584106447,"y":-11.7951021194458,"z":14.079723358154297},"rotation":{"x":-0.37880995869636538,"y":-0.13585810363292695,"z":0.05632999166846275,"w":-0.9137136340141296},"size":23.879140853881837,"orthographic":false}