{"cameraMode":{"drawMode":0,"name":"Shaded","section":"Shading Mode"},"sceneLighting":true,"audioPlay":false,"sceneViewState":{"showFog":true,"showMaterialUpdate":true,"showSkybox":true,"showFlares":true,"showImageEffects":true,"showParticleSystems":true},"in2DMode":false,"pivot":{"x":-0.5870043039321899,"y":4.862143039703369,"z":15.738199234008789},"rotation":{"x":-0.01270854938775301,"y":-0.9796911478042603,"z":0.18893909454345704,"w":-0.06592260301113129},"size":13.25744342803955,"orthographic":false}